﻿Designator,Footprint,Quantity,Value,LCSC Part #
"_6, _5, _4, _3, _2, ",,6,,
"C17, C18, C19, C20, C21, C22, C23, C24, C25, C26, C27, C28, C29, C30, C31, C32, C33, C34, C35, C36, C37, C38, C39, C40, C41",0402,25,10n,
J4,USB_C_Receptacle_GCT_USB4105-xx-A_16P_TopMnt_Horizontal,1,USB_C_Receptacle_USB2.0_16P,
U1,KB2040,1,~,
"U10, U11, U12, U13, U14, U15, U16, U17, U18, U19, U20, U21, U22, U23, U24, U25, U26, U27, U28, U29, U9",SOT-23,21,DRV5055A3xDBZxQ1,
"U5, U6, U7, U8",SOIC-16_3.9x9.9mm_P1.27mm,4,74HC4051,
